Destination,Region,Country,Category,Latitude,Longitude,Approximate Annual Tourists,Currency,Majority Religion,Famous Foods,Language,Best Time to Visit,Cost of Living,Safety,Cultural Significance,Description
Rome,Lazio,Italy,City,41.902782,12.496366,14 million,Euro,Roman Catholic,"Pizza, Pasta, Gelato",Italian,Spring (April-May) or Fall (Sept-Oct),Medium-high,"Generally safe, but watch out for pickpockets","The capital city, known for its historical landmarks like the Colosseum, Vatican City, and Pantheon.","A hub of ancient history and modern culture, with rich traditions, art, and landmarks."
Florence,Tuscany,Italy,City,43.769581,11.255772,10 million,Euro,Roman Catholic,"Pizza, Pasta, Gelato",Italian,Spring (April-May) or Fall (Sept-Oct),Medium-high,"Generally safe, but watch out for pickpockets","A Renaissance city famous for its art, architecture, and historical significance.","Home to world-class museums, including the Uffizi Gallery and Michelangelo’s David."
Venice,Veneto,Italy,City,45.435559,12.336196,10 million,Euro,Roman Catholic,"Pizza, Pasta, Gelato",Italian,Spring (April-May) or Fall (Sept-Oct),Medium-high,"Generally safe, but watch out for pickpockets","A unique city built on canals, known for its gondolas, Piazza San Marco, and Doge's Palace.","An iconic city of water, renowned for romantic gondola rides and historic landmarks."
Milan,Lombardy,Italy,City,45.464643,9.18854,7 million,Euro,Roman Catholic,"Risotto, Ossobuco, Panettone",Italian,Spring (April-May) or Fall (Sept-Oct),High,"Generally safe, but watch out for pickpockets","A fashion capital known for its shopping, museums, and historical landmarks.","A modern city with an ancient soul, featuring La Scala and the Duomo di Milano."
Naples,Campania,Italy,City,40.85133,14.25472,5 million,Euro,Roman Catholic,"Pizza, Pasta, Cannoli",Italian,Spring (April-May) or Fall (Sept-Oct),Medium,"Generally safe, but be aware of pickpockets","A vibrant city known for its delicious food, historical sites, and stunning coastline.","Famous for pizza, Pompeii, and proximity to the Amalfi Coast."
Cinque Terre,Liguria,Italy,Coastal Town,44.131811,9.653342,3 million,Euro,Roman Catholic,"Seafood, Pesto",Italian,Spring (April-May) or Fall (Sept-Oct),Medium-high,"Generally safe, but be aware of crowds","A group of five colorful villages along the Italian Riviera, known for their stunning landscapes and hiking.",Scenic coastal towns connected by breathtaking hiking trails and beaches.
Amalfi Coast,Campania,Italy,Coastal Region,40.652843,14.495831,2 million,Euro,Roman Catholic,"Seafood, Limoncello",Italian,Spring (April-May) or Fall (Sept-Oct),Medium-high,"Generally safe, but be aware of crowds","A picturesque coastline with charming towns, stunning cliffs, and beautiful beaches.","Famous for its steep cliffs, coastal towns, and lemon groves, offering breathtaking views of the Mediterranean."
Pisa,Tuscany,Italy,City,43.715899,10.996557,1.5 million,Euro,Roman Catholic,"Pizza, Pasta, Gelato",Italian,Spring (April-May) or Fall (Sept-Oct),Medium,Generally safe,"Famous for its Leaning Tower, but also offers other historical attractions and beautiful scenery.","Known for the iconic Leaning Tower of Pisa, as well as its Romanesque architecture."
Verona,Veneto,Italy,City,45.439559,10.996557,1 million,Euro,Roman Catholic,"Pizza, Pasta, Risotto",Italian,Spring (April-May) or Fall (Sept-Oct),Medium,Generally safe,"A romantic city known for its Shakespearean connection, Arena di Verona, and beautiful architecture.","Famous for being the setting of ""Romeo and Juliet"" and its well-preserved Roman amphitheater."
Barcelona,Catalonia,Spain,City,41.385064,2.173135,12.7 million,Euro,Roman Catholic,"Paella, Tapas, Gazpacho",Spanish,Spring (April-May) or Fall (Sept-Oct),Medium-high,"Generally safe, but watch out for pickpockets","Known for its Gaudi architecture, beautiful beaches, and vibrant nightlife.","A city of stunning architecture, art, and vibrant culture. Famous for La Sagrada Familia and Park Güell."
Madrid,Community of Madrid,Spain,City,40.416775,-3.70379,7 million,Euro,Roman Catholic,"Tapas, Tortilla Española, Jamón Ibérico",Spanish,Spring (April-May) or Fall (Sept-Oct),Medium-high,"Generally safe, but be aware of pickpockets","The capital city, known for its world-class museums, lively atmosphere, and historical landmarks.","Home to the Prado Museum, Royal Palace, and rich Spanish history."
Seville,Andalusia,Spain,City,37.38908,-5.98398,3.5 million,Euro,Roman Catholic,"Tapas, Gazpacho, Flamenco",Spanish,Spring (April-May) or Fall (Sept-Oct),Medium,"Generally safe, but be aware of pickpockets","A historic city famous for its Moorish architecture, flamenco dancing, and vibrant festivals.","The heart of Andalusian culture, with stunning landmarks like the Alcázar and the Seville Cathedral."
Valencia,Valencian Community,Spain,City,39.472925,-0.378464,2.5 million,Euro,Roman Catholic,"Paella, Horchata, Churros",Spanish,Spring (April-May) or Fall (Sept-Oct),Medium,"Generally safe, but be aware of pickpockets","A coastal city known for its City of Arts and Sciences complex, beautiful beaches, and delicious cuisine.","The birthplace of paella, with a mix of futuristic and historic architecture."
Granada,Andalusia,Spain,City,37.187222,-3.60531,2 million,Euro,Roman Catholic,"Tapas, Gazpacho, Flamenco",Spanish,Spring (April-May) or Fall (Sept-Oct),Medium,"Generally safe, but be aware of pickpockets","A historic city famous for its Alhambra palace, Albaicín neighborhood, and vibrant nightlife.",Known for the magnificent Alhambra palace and stunning Moorish architecture.
Málaga,Andalusia,Spain,City,36.720161,-4.421234,2 million,Euro,Roman Catholic,"Tapas, Gazpacho, Espetos",Spanish,Spring (April-May) or Fall (Sept-Oct),Medium,"Generally safe, but be aware of pickpockets","A coastal city known for its beautiful beaches, historic center, and Picasso Museum.","Birthplace of Picasso, featuring stunning beaches and a lively port."
Bilbao,Basque Country,Spain,City,43.257158,-2.936487,1.5 million,Euro,Roman Catholic,"Pintxos, Bacalao al pil-pil",Spanish (and Basque),Spring (April-May) or Fall (Sept-Oct),Medium-high,Generally safe,"A modern city known for its Guggenheim Museum, vibrant atmosphere, and delicious pintxos.","An industrial city turned cultural hotspot, home to the iconic Guggenheim Museum."
Ibiza,Balearic Islands,Spain,Island,38.901776,1.433135,8 million,Euro,Roman Catholic,"Paella, Tapas, Ensalada Rusa",Spanish,Summer (June-September),Medium-high,"Generally safe, but be aware of pickpockets","A popular island destination known for its beaches, nightlife, and electronic music scene.","World-famous for its beaches and nightclubs, a top destination for summer parties."
Majorca,Balearic Islands,Spain,Island,39.363371,3.014272,12 million,Euro,Roman Catholic,"Paella, Ensalada Mallorquina, Sobrasada",Spanish,Spring (April-May) or Fall (Sept-Oct),Medium-high,"Generally safe, but be aware of pickpockets","A popular island destination known for its beautiful beaches, historical sites, and hiking trails.","A serene island getaway, with picturesque beaches, mountains, and historic sites like the Palma Cathedral."
San Sebastián,Basque Country,Spain,City,43.317915,-1.959563,1 million,Euro,Roman Catholic,"Pintxos, Bacalao al pil-pil",Spanish (and Basque),Spring (April-May) or Fall (Sept-Oct),Medium-high,Generally safe,"A coastal city known for its beautiful beaches, delicious pintxos, and vibrant atmosphere.","Renowned for its food scene, with pristine beaches and picturesque Old Town streets."
Paris,Île-de-France,France,City,48.856614,2.352222,35-40 million,Euro,Roman Catholic,"Croissants, Baguettes, Cheese",French,Spring (April-May) or Fall (Sept-Oct),High,"Generally safe, but watch out for pickpockets","Home to iconic landmarks like the Eiffel Tower, Louvre Museum, and Notre-Dame Cathedral.","A city of art, fashion, and culture, featuring world-famous landmarks and museums."
Nice,Provence-Alpes-Côte d'Azur,France,Coastal City,43.703761,7.268731,4 million,Euro,Roman Catholic,"Niçoise salad, Socca, Panisses",French,Spring (April-May) or Fall (Sept-Oct),Medium-high,"Generally safe, but be aware of pickpockets","Known for its beaches, Mediterranean climate, and vibrant nightlife.",A coastal gem with a beautiful Promenade des Anglais and stunning views of the French Riviera.
Marseille,Provence-Alpes-Côte d'Azur,France,Coastal City,43.296168,5.370254,3.5 million,Euro,Roman Catholic,"Bouillabaisse, Aïoli, Panisse",French,Spring (April-May) or Fall (Sept-Oct),Medium,"Generally safe, but be aware of pickpockets","The second-largest city in France, known for its historical Old Port, MuCEM museum, and Calanques park.","A city rich in history and culture, with a vibrant port and stunning coastal landscapes."
Lyon,Auvergne-Rhône-Alpes,France,City,45.764048,4.835656,2 million,Euro,Roman Catholic,"Quiche Lorraine, Lyonnaise salad, Canelé",French,Spring (April-May) or Fall (Sept-Oct),Medium-high,"Generally safe, but be aware of pickpockets","A culinary capital with renowned restaurants, historic architecture, and the confluence of two rivers.","Famous for its gastronomy, vibrant old town, and Renaissance architecture."
Bordeaux,Nouvelle-Aquitaine,France,City,44.837789,-0.57918,1.5 million,Euro,Roman Catholic,"Canelé, Cassoulet, Foie gras",French,Spring (April-May) or Fall (Sept-Oct),Medium-high,"Generally safe, but be aware of pickpockets","A city famous for its wine production, historic center, and Cité du Vin museum.","Renowned for its vineyards and wine, as well as its charming 18th-century architecture."
Strasbourg,Grand Est,France,City,48.572935,7.751936,1 million,Euro,Roman Catholic,"Quiche Lorraine, Choucroute, Bredele",French (and German),Spring (April-May) or Fall (Sept-Oct),Medium-high,"Generally safe, but be aware of pickpockets","A charming city with a medieval Old Town, Gothic cathedral, and Christmas markets.","Located on the border with Germany, Strasbourg has a unique blend of French and German cultures."
Cannes,Provence-Alpes-Côte d'Azur,France,Coastal City,43.542333,7.02427,800000,Euro,Roman Catholic,"Bouillabaisse, Aïoli, Panisse",French,Spring (April-May) or Fall (Sept-Oct),High,"Generally safe, but be aware of pickpockets","A glamorous coastal city known for its film festival, luxury shopping, and beautiful beaches.","World-famous for the Cannes Film Festival, featuring stunning views of the Mediterranean Sea."
Mont Saint-Michel,Normandy,France,Island,48.636111,-1.504444,3.5 million,Euro,Roman Catholic,"Seafood, Crepes",French,Spring (April-May) or Fall (Sept-Oct),Medium-high,Generally safe,"A UNESCO World Heritage Site, famous for its abbey perched on a tidal island.",A breathtaking medieval island commune with a stunning abbey and winding streets.
Loire Valley,Centre-Val de Loire,France,Region,47.6268,-0.9361,10 million (region-wide),Euro,Roman Catholic,"Croque-monsieur, French onion soup",French,Spring (April-May) or Fall (Sept-Oct),Medium,Generally safe,"A region known for its stunning chateaux, vineyards, and picturesque landscapes.","Known for its many châteaux and vineyards, a scenic getaway filled with history and beauty."
Vienna,Vienna,Austria,City,48.208171,16.373869,7.5 million,Euro,Roman Catholic,"Wiener Schnitzel, Sachertorte, Apfelstrudel",German,Spring (April-May) or Fall (Sept-Oct),Medium-high,Generally safe,"Known for its imperial palaces, classical music, and coffee houses.","A cultural capital with imperial architecture, famous museums, and vibrant cafe culture."
Salzburg,Salzburg,Austria,City,47.697994,13.040555,3 million,Euro,Roman Catholic,"Mozartkugel, Salzburger Nockerl, Kaiserschmarrn",German,Spring (April-May) or Fall (Sept-Oct),Medium-high,Generally safe,"The birthplace of Mozart, famous for its Baroque architecture and music festivals.","A city rich in history, music, and stunning Alpine surroundings, home to the Salzburg Festival."
Innsbruck,Tyrol,Austria,City,47.269219,11.397277,2 million,Euro,Roman Catholic,"Tiroler Gröstl, Kaiserschmarrn, Speck",German,"Winter (Dec-Mar) for skiing, Summer (Jun-Sept)",Medium-high,Generally safe,"A picturesque city in the Alps, known for skiing, hiking, and historic landmarks.","A gateway to the Austrian Alps, Innsbruck offers both historical charm and outdoor adventure."
Hallstatt,Upper Austria,Austria,Town,47.556733,13.649528,1 million,Euro,Roman Catholic,"Kaiserschmarrn, Salzburger Nockerl, Wiener Schnitzel",German,Spring (April-May) or Fall (Sept-Oct),Medium-high,Generally safe,"Famous for its picturesque scenery, salt mines, and historic architecture.","A UNESCO World Heritage Site, Hallstatt is known for its stunning lakeside setting and history."
Graz,Styria,Austria,City,47.070593,15.438261,1 million,Euro,Roman Catholic,"Backhendl, Kürbiskernsuppe, Apfelstrudel",German,Spring (April-May) or Fall (Sept-Oct),Medium,Generally safe,"Known for its well-preserved Old Town, museums, and cultural festivals.","A city blending modern culture with historic architecture, featuring a vibrant arts scene."
Zell am See,Salzburg,Austria,Town,47.516804,13.032121,800000,Euro,Roman Catholic,"Kaiserschmarrn, Wiener Schnitzel, Apfelstrudel",German,"Winter (Dec-Mar) for skiing, Summer (Jun-Sept)",Medium-high,Generally safe,A popular resort town known for its lakeside location and outdoor activities.,Zell am See offers breathtaking views of the Alps and a range of recreational activities.
Bregenz,Vorarlberg,Austria,City,47.510488,9.741326,400000,Euro,Roman Catholic,"Käsknöpfle, Rindsuppe, Apfelstrudel",German,Summer (Jun-Sept),Medium-high,Generally safe,"Located on Lake Constance, known for its festivals and beautiful scenery.","Bregenz is renowned for its lakeside festivals, including the famous Bregenz Festival on the lake."
Bad Gastein,Salzburg,Austria,Town,47.320594,13.426595,200000,Euro,Roman Catholic,"Kaiserschmarrn, Wiener Schnitzel, Apfelstrudel",German,"Winter (Dec-Mar) for skiing, Summer (Jun-Sept)",Medium-high,Generally safe,"A spa town known for its hot springs, skiing, and outdoor activities.","Bad Gastein is famous for its thermal baths, offering relaxation and wellness in the Alps."
Brussels,Brussels Capital,Belgium,City,50.850441,4.356949,10 million,Euro,Roman Catholic,"Waffles, Belgian Fries, Chocolate","Dutch, French",Spring (April-May) or Fall (Sept-Oct),Medium-high,"Generally safe, but watch out for pickpockets","The capital of Belgium and the EU, known for its Grand Place, Manneken Pis, and Atomium.","A political and cultural hub with impressive architecture, museums, and a vibrant arts scene."
Bruges,West Flanders,Belgium,City,51.205937,3.210851,8 million,Euro,Roman Catholic,"Waffles, Belgian Fries, Chocolate","Dutch, French",Spring (April-May) or Fall (Sept-Oct),Medium-high,Generally safe,"A medieval city famous for its canals, cobblestone streets, and historic architecture.","A UNESCO World Heritage Site, known as the ""Venice of the North"" for its romantic canals and bridges."
Ghent,East Flanders,Belgium,City,51.057089,3.715678,5 million,Euro,Roman Catholic,"Waffles, Belgian Fries, Chocolate","Dutch, French",Spring (April-May) or Fall (Sept-Oct),Medium,Generally safe,"A historic city known for its medieval architecture, art museums, and vibrant cultural life.","Ghent is known for its rich history, including the famous Ghent Altarpiece and stunning medieval towers."
Antwerp,Antwerp,Belgium,City,51.223581,4.415875,4 million,Euro,Roman Catholic,"Waffles, Belgian Fries, Chocolate","Dutch, French",Spring (April-May) or Fall (Sept-Oct),Medium-high,Generally safe,"A port city known for its diamond industry, fashion, and Renaissance architecture.","Antwerp boasts a lively arts scene, historic squares, and is a global hub for the diamond trade."
Leuven,Flemish Brabant,Belgium,City,50.872166,4.686716,2 million,Euro,Roman Catholic,"Waffles, Belgian Fries, Chocolate","Dutch, French",Spring (April-May) or Fall (Sept-Oct),Medium,Generally safe,"A university city known for its historic center, breweries, and student life.",Leuven is home to one of the oldest universities in Europe and is known for its lively atmosphere.
Dinant,Namur,Belgium,Town,50.275573,5.024897,1 million,Euro,Roman Catholic,"Waffles, Belgian Fries, Chocolate",French,Spring (April-May) or Fall (Sept-Oct),Medium,Generally safe,"A picturesque town along the Meuse River, known for its citadel, saxophones, and scenic beauty.","Dinant is the birthplace of Adolphe Sax, inventor of the saxophone, and features striking riverside views."
Ypres,West Flanders,Belgium,Town,50.841984,2.863538,500000,Euro,Roman Catholic,"Waffles, Belgian Fries, Chocolate","Dutch, French",Spring (April-May) or Fall (Sept-Oct),Medium,Generally safe,A historic town famous for its World War I history and the In Flanders Fields Museum.,"Ypres was the site of major WWI battles, now a center for remembrance with moving memorials."
Spa,Liège,Belgium,Town,50.451977,5.965836,300000,Euro,Roman Catholic,"Waffles, Belgian Fries, Chocolate",French,Spring (April-May) or Fall (Sept-Oct),Medium-high,Generally safe,"A spa town known for its mineral waters, thermal baths, and surrounding natural beauty.",The town of Spa gave its name to the concept of health spas and is famous for its healing waters.
Ostend,West Flanders,Belgium,City,51.333563,2.902675,200000,Euro,Roman Catholic,"Waffles, Belgian Fries, Chocolate","Dutch, French",Spring (April-May) or Fall (Sept-Oct),Medium,Generally safe,"A coastal city known for its beaches, seafood, and vibrant seafront promenade.","Ostend offers a combination of seaside relaxation, culture, and lively entertainment on the Belgian coast."
Namur,Namur,Belgium,City,50.467063,4.886067,100000,Euro,Roman Catholic,"Waffles, Belgian Fries, Chocolate",French,Spring (April-May) or Fall (Sept-Oct),Medium,Generally safe,"A historic city known for its impressive citadel, art museums, and scenic views.",Namur serves as the capital of Wallonia and offers rich history alongside beautiful riverside landscapes.
Copenhagen,Region Hovedstaden,Denmark,City,55.676098,12.568337,10 million,Danish krone (DKK),Protestant,"Smørrebrød, Frikadeller, Æblekage",Danish,Spring (April-May) or Fall (Sept-Oct),High,Generally safe,"Known for its colorful architecture, charming canals, and vibrant culture.","Denmark's capital, famous for Nyhavn, the Little Mermaid statue, and a lively café scene."
Aarhus,Region Midtjylland,Denmark,City,56.150947,10.217696,2.5 million,Danish krone (DKK),Protestant,"Smørrebrød, Frikadeller, Æblekage",Danish,Spring (April-May) or Fall (Sept-Oct),Medium,Generally safe,"Known for its vibrant arts scene, beautiful parks, and historical sites.","Denmark's second-largest city, a cultural hub with museums, festivals, and university life."
Odense,Region Syddanmark,Denmark,City,55.397081,10.395973,1.5 million,Danish krone (DKK),Protestant,"Smørrebrød, Frikadeller, Æblekage",Danish,Spring (April-May) or Fall (Sept-Oct),Medium,Generally safe,"Birthplace of Hans Christian Andersen, known for its fairy-tale atmosphere.","A charming city with a strong literary history, scenic parks, and museums."
Ribe,Region Syddanmark,Denmark,Town,55.200525,8.777081,500000,Danish krone (DKK),Protestant,"Smørrebrød, Frikadeller, Æblekage",Danish,Spring (April-May) or Fall (Sept-Oct),Medium,Generally safe,"Denmark's oldest town, with Viking heritage and medieval architecture.",Ribe is a well-preserved historic town with Viking history and charming old streets.
Roskilde,Region Sjælland,Denmark,City,55.652853,12.091578,500000,Danish krone (DKK),Protestant,"Smørrebrød, Frikadeller, Æblekage",Danish,Spring (April-May) or Fall (Sept-Oct),Medium,Generally safe,Famous for the Viking Ship Museum and its annual music festival.,Roskilde is a UNESCO site with a rich history and vibrant music culture.
Helsingør,Region Hovedstaden,Denmark,City,56.033245,12.614037,400000,Danish krone (DKK),Protestant,"Smørrebrød, Frikadeller, Æblekage",Danish,Spring (April-May) or Fall (Sept-Oct),Medium-high,Generally safe,"Known for Kronborg Castle, the setting for Shakespeare's Hamlet.",A coastal town with historic significance and stunning seaside views.
Aalborg,Region Nordjylland,Denmark,City,57.033361,9.920094,300000,Danish krone (DKK),Protestant,"Smørrebrød, Frikadeller, Æblekage",Danish,Spring (April-May) or Fall (Sept-Oct),Medium,Generally safe,"Known for its vibrant nightlife, music scene, and historic center.",Aalborg offers a mix of modern culture and historical architecture.
Berlin,Berlin,Germany,City,52.520008,13.404954,13.5 million,Euro,Protestant,"Currywurst, Bratwurst, Sauerkraut",German,Spring (April-May) or Fall (Sept-Oct),Medium-high,"Generally safe, but watch for pickpockets","The capital city known for its historical landmarks, vibrant nightlife, and arts scene.","Famous for the Brandenburg Gate, Berlin Wall, and rich cultural heritage."
Munich,Bavaria,Germany,City,48.137152,11.576123,10 million,Euro,Protestant,"Weißwurst, Brezn, Leberkäse",German,Spring (April-May) or Fall (Sept-Oct),Medium-high,Generally safe,"A Bavarian city famous for its Oktoberfest, beer gardens, and historical architecture.","Known for its beer culture, historic Marienplatz, and beautiful English Garden."
Frankfurt,Hesse,Germany,City,50.110922,8.682127,7 million,Euro,Protestant,"Frankfurter Kranz, Apfelwein, Grüne Soße",German,Spring (April-May) or Fall (Sept-Oct),High,Generally safe,"A financial center known for its skyscrapers, museums, and historic Old Town.","Home to the European Central Bank, Goethe House, and impressive modern skyline."
Cologne,North Rhine-Westphalia,Germany,City,50.936662,6.959955,5 million,Euro,Protestant,"Kölsch, Himmel un Ääd, Sauerbraten",German,Spring (April-May) or Fall (Sept-Oct),Medium,Generally safe,"A historic city on the Rhine, known for its Gothic cathedral, chocolate, and museums.",The Cologne Cathedral is a UNESCO World Heritage site and one of Germany’s most iconic landmarks.
Hamburg,Hamburg,Germany,City,53.550278,9.993681,5 million,Euro,Protestant,"Fischbrötchen, Labskaus, Rote Grütze",German,Spring (April-May) or Fall (Sept-Oct),Medium-high,Generally safe,"A port city known for its harbor, Reeperbahn district, and maritime museum.","Hamburg boasts a lively arts scene, modern architecture, and historic Speicherstadt."
Dresden,Saxony,Germany,City,51.051005,13.737234,3 million,Euro,Protestant,"Dresdner Stollen, Eierschecke, Kartoffelsalat",German,Spring (April-May) or Fall (Sept-Oct),Medium,Generally safe,"A historic city known for its Baroque architecture, museums, and the Elbe River.","The city was heavily bombed in WWII but has been beautifully restored, with notable landmarks like the Zwinger Palace."
Heidelberg,Baden-Württemberg,Germany,City,49.405154,8.691038,2 million,Euro,Protestant,"Käsespätzle, Maultaschen, Zwiebelrostbraten",German,Spring (April-May) or Fall (Sept-Oct),Medium-high,Generally safe,A picturesque city known for Heidelberg Castle and its charming Old Town.,"A romantic riverside city with a famous university, captivating castle, and cobblestone streets."
Rothenburg ob der Tauber,Bavaria,Germany,Town,49.443589,10.090444,1 million,Euro,Protestant,"Käsespätzle, Maultaschen, Zwiebelrostbraten",German,Spring (April-May) or Fall (Sept-Oct),Medium,Generally safe,"A medieval town famous for its well-preserved walls, half-timbered houses, and Christmas markets.","A fairy-tale destination with cobblestone streets, medieval architecture, and vibrant festivals."
Neuschwanstein Castle,Bavaria,Germany,Castle,47.557778,10.748611,1.5 million,Euro,Protestant,Bavarian cuisine,German,Spring (April-May) or Fall (Sept-Oct),Medium-high,Generally safe,"A fairytale castle built by King Ludwig II, known for its stunning architecture and scenic views.","One of the most famous castles in the world, inspiring Disney’s Cinderella Castle."
Black Forest,Baden-Württemberg,Germany,Region,48.180233,8.322533,5 million,Euro,Protestant,"Black Forest cake, Spätzle, Sauerkraut",German,Spring (April-May) or Fall (Sept-Oct),Medium-high,Generally safe,"A forested region known for its scenic landscapes, hiking trails, and traditional villages.","The Black Forest is renowned for its natural beauty, folklore, and cuckoo clocks."
Monaco-Ville,Monaco-Ville,Monaco,City,45.437078,7.426435,3 million,Euro,Roman Catholic,Mediterranean cuisine,"French, Monégasque",Spring (April-May) or Fall (Sept-Oct),Extremely high,Generally safe,Historic old town known for its Prince's Palace and Oceanographic Museum.,"Perched on a rocky promontory, Monaco-Ville offers stunning views and historic landmarks."
Monte Carlo,Monaco-Ville,Monaco,District,45.437078,7.426435,3 million,Euro,Roman Catholic,Mediterranean cuisine,"French, Monégasque",Spring (April-May) or Fall (Sept-Oct),Extremely high,Generally safe,"Glamorous district known for casinos, luxury shops, and the Grand Prix.",Renowned for its vibrant nightlife and high-end attractions.
Casino Square,Monaco-Ville,Monaco,Square,45.437078,7.426435,2 million,Euro,Roman Catholic,Mediterranean cuisine,"French, Monégasque",Spring (April-May) or Fall (Sept-Oct),Extremely high,Generally safe,Iconic square home to Casino de Monte-Carlo and Hôtel de Paris.,A hub of luxury and entertainment in Monte Carlo.
Moscow,Moscow Oblast,Russia,City,55.755796,37.617315,12.5 million,Russian Ruble (RUB),Russian Orthodox,"Borscht, Pelmeni, Blini",Russian,Spring (May-June) or Fall (Sept-Oct),Medium-high,"Generally safe, but be aware of pickpockets","Capital city known for the Kremlin, Red Square, and St. Basil's Cathedral.",Russia's bustling capital with a rich history and impressive landmarks.
St. Petersburg,Leningrad Oblast,Russia,City,59.934083,30.335285,8 million,Russian Ruble (RUB),Russian Orthodox,"Borscht, Pelmeni, Blini",Russian,Spring (May-June) or Fall (Sept-Oct),Medium-high,"Generally safe, but be aware of pickpockets","Historic city known for imperial palaces, canals, and museums.",Known for its stunning architecture and cultural heritage.
Sochi,Krasnodar Krai,Russia,City,43.565133,39.60304,3 million,Russian Ruble (RUB),Russian Orthodox,"Borscht, Pelmeni, Blini",Russian,Summer (June-August),Medium-high,"Generally safe, but be aware of pickpockets","Black Sea resort city known for beaches, mountains, and Olympic venues.",Popular destination for beachgoers and winter sports enthusiasts.
Kazan,Republic of Tatarstan,Russia,City,55.794722,49.111389,2 million,Russian Ruble (RUB),"Muslim, Russian Orthodox","Borscht, Pelmeni, Blini","Russian, Tatar",Spring (May-June) or Fall (Sept-Oct),Medium,Generally safe,"Historic city with a diverse cultural heritage, including a Kremlin and mosques.",Known for its rich history and cultural diversity.
Vladivostok,Primorsky Krai,Russia,City,43.565133,131.885929,1 million,Russian Ruble (RUB),Russian Orthodox,"Borscht, Pelmeni, Blini",Russian,Spring (May-June) or Fall (Sept-Oct),Medium-high,Generally safe,"Port city on the Pacific Ocean known for seafood, museums, and scenic views.",Offers stunning coastal landscapes and a unique cultural experience.
Golden Ring,Central Russia,Russia,Region,56.021562,39.624312,10 million (region-wide),Russian Ruble (RUB),Russian Orthodox,"Borscht, Pelmeni, Blini",Russian,Spring (May-June) or Fall (Sept-Oct),Medium,Generally safe,Group of historic cities known for medieval architecture and cultural heritage.,A historic route offering insights into Russia's medieval past.
Athens,Attica,Greece,City,37.979452,23.716217,10 million,Euro,Greek Orthodox,"Gyros, Souvlaki, Moussaka",Greek,Spring (April-May) or Fall (Sept-Oct),Medium-high,"Generally safe, but watch out for pickpockets","Capital city known for ancient ruins, museums, and vibrant nightlife.",
Santorini,South Aegean,Greece,Island,36.423967,25.444106,2 million,Euro,Greek Orthodox,"Seafood, Greek salad, Moussaka",Greek,Spring (April-May) or Fall (Sept-Oct),High,Generally safe,"Famous for whitewashed buildings, blue-domed churches, and sunsets.",
Mykonos,South Aegean,Greece,Island,37.426508,25.278709,2 million,Euro,Greek Orthodox,"Seafood, Greek salad, Moussaka",Greek,Spring (April-May) or Fall (Sept-Oct),High,Generally safe,"Known for beaches, nightlife, and luxury resorts.",
Crete,Crete,Greece,Island,35.243662,25.047873,3 million,Euro,Greek Orthodox,"Seafood, Greek salad, Moussaka",Greek,Spring (April-May) or Fall (Sept-Oct),Medium-high,Generally safe,"Largest island in Greece, known for ancient ruins, beaches, and mountains.",
Rhodes,South Aegean,Greece,Island,36.441904,28.188827,2 million,Euro,Greek Orthodox,"Seafood, Greek salad, Moussaka",Greek,Spring (April-May) or Fall (Sept-Oct),Medium-high,Generally safe,"Known for medieval walled city, beaches, and historical sites.",
Corfu,Ionian Islands,Greece,Island,39.613728,19.900073,1.5 million,Euro,Greek Orthodox,"Seafood, Greek salad, Moussaka",Greek,Spring (April-May) or Fall (Sept-Oct),Medium,Generally safe,"Known for beautiful beaches, olive groves, and Venetian architecture.",
Nafplio,Peloponnese,Greece,City,37.571111,22.767778,500000,Euro,Greek Orthodox,"Seafood, Greek salad, Moussaka",Greek,Spring (April-May) or Fall (Sept-Oct),Medium,Generally safe,"Historic city known for Venetian fortress, charming streets, and beaches.",
Lisbon,Lisbon,Portugal,City,38.710825,-9.136136,3.5 million,Euro,Roman Catholic,"Bacalhau, Pastel de nata, Sardinha",Portuguese,Spring (April-May) or Fall (Sept-Oct),Medium-high,"Generally safe, but watch out for pickpockets","Capital city known for its historic center, Seven Hills, and vibrant nightlife.",
Porto,Porto,Portugal,City,41.149631,-8.610975,2.5 million,Euro,Roman Catholic,"Francesinha, Bacalhau, Pastel de nata",Portuguese,Spring (April-May) or Fall (Sept-Oct),Medium-high,Generally safe,"Coastal city known for its wine cellars, historic center, and beautiful riverfront.",
Algarve,Algarve,Portugal,Region,37.044335,-7.774026,3 million,Euro,Roman Catholic,"Seafood, Sardinha, Pastel de nata",Portuguese,Spring (April-May) or Fall (Sept-Oct),Medium-high,Generally safe,"Popular coastal region known for beaches, golf courses, and water sports.",
Madeira,Madeira Island,Portugal,Island,32.652843,-16.976997,1 million,Euro,Roman Catholic,"Espetada, Bolo de Mel, Poncha",Portuguese,Spring (April-May) or Fall (Sept-Oct),Medium-high,Generally safe,"Island known for lush landscapes, volcanic mountains, and Madeira wine.",
Sintra,Lisbon,Portugal,Town,38.730825,-9.360576,1 million,Euro,Roman Catholic,"Seafood, Pastel de nata, Pastel de Belém",Portuguese,Spring (April-May) or Fall (Sept-Oct),Medium-high,Generally safe,"Historic town known for Pena National Palace, Moorish Castle, and romantic atmosphere.",
Óbidos,Leiria,Portugal,Town,39.382114,-8.895664,500000,Euro,Roman Catholic,"Seafood, Pastel de nata, Pastel de Belém",Portuguese,Spring (April-May) or Fall (Sept-Oct),Medium,Generally safe,"Medieval walled town with cobblestone streets, colorful houses, and a charming atmosphere.",
Aveiro,Aveiro,Portugal,City,40.64275,-8.65109,300000,Euro,Roman Catholic,"Seafood, Bacalhau, Pastel de nata",Portuguese,Spring (April-May) or Fall (Sept-Oct),Medium,Generally safe,"Coastal city known for its canals, colorful boats, and beautiful beaches.",
Braga,Braga,Portugal,City,41.537114,-8.422754,200000,Euro,Roman Catholic,"Seafood, Bacalhau, Pastel de nata",Portuguese,Spring (April-May) or Fall (Sept-Oct),Medium,Generally safe,"Historic city known for Roman ruins, baroque architecture, and beautiful scenery.",
Coimbra,Coimbra,Portugal,City,40.205978,-8.410443,150000,Euro,Roman Catholic,"Seafood, Bacalhau, Pastel de nata",Portuguese,Spring (April-May) or Fall (Sept-Oct),Medium,Generally safe,"University city known for its historic center, beautiful architecture, and lively atmosphere.",
Douro Valley,Douro Valley,Portugal,Region,41.086758,-7.791548,500000,Euro,Roman Catholic,"Seafood, Bacalhau, Pastel de nata",Portuguese,Spring (April-May) or Fall (Sept-Oct),Medium-high,Generally safe,"Scenic valley known for wine production, beautiful landscapes, and historic wineries.",
Oslo,Oslo,Norway,City,59.913868,10.751964,2.5 million,Norwegian krone (NOK),Protestant,"Fish, Reindeer, Brunost",Norwegian,Spring (May-June) or Fall (Sept-Oct),High,Generally safe,"Capital city known for museums, parks, and cultural scene.","The capital city, known for its museums, parks, and vibrant cultural scene."
Bergen,Vestland,Norway,City,60.395186,5.324015,1.5 million,Norwegian krone (NOK),Protestant,"Fish, Reindeer, Brunost",Norwegian,Spring (May-June) or Fall (Sept-Oct),Medium-high,Generally safe,"Coastal city known for colorful houses, fish market, and scenic fjords.","A coastal city known for its colorful wooden houses, fish market, and scenic fjords."
Lofoten Islands,Nordland,Norway,Islands,68.005472,13.033294,500000,Norwegian krone (NOK),Protestant,"Fish, Reindeer, Brunost",Norwegian,Spring (May-June) or Fall (Sept-Oct),Medium-high,Generally safe,"Islands known for dramatic landscapes, fishing villages, and Northern Lights.","A group of islands known for their dramatic landscapes, fishing villages, and Northern Lights."
Tromsø,Troms,Norway,City,69.649328,18.955689,300000,Norwegian krone (NOK),Protestant,"Fish, Reindeer, Brunost",Norwegian,Spring (May-June) or Fall (Sept-Oct),Medium-high,Generally safe,"Northernmost city in Norway, known for Arctic Circle location and Northern Lights.","The northernmost city in Norway, known for its Arctic Circle location and Northern Lights."
Preikestolen,Rogaland,Norway,Cliff,59.395186,5.930833,300000,Norwegian krone (NOK),Protestant,"Fish, Reindeer, Brunost",Norwegian,Summer (June-August),Medium-high,Generally safe,Famous cliff offering stunning panoramic views over a fjord.,"A famous cliff overlooking a fjord, offering stunning panoramic views."
Flåm,Vestland,Norway,Village,60.730556,7.024444,50000,Norwegian krone (NOK),Protestant,"Fish, Reindeer, Brunost",Norwegian,Summer (June-August),Medium-high,Generally safe,Picturesque village known for its scenic train journey and fjord cruises.,"A picturesque village at the end of the Flåm Valley, known for its scenic train journey and fjord cruises."
Stockholm,Stockholm County,Sweden,City,59.329302,18.068581,2.5 million,Swedish krona (SEK),Protestant,"Köttbullar, Fika, Jansson's Temptation",Swedish,Spring (May-June) or Fall (Sept-Oct),Medium-high,Generally safe,"Capital city known for archipelago, museums, and vibrant culture.","The capital city, known for its archipelago, museums, and vibrant culture."
Gothenburg,Västra Götaland County,Sweden,City,57.708863,11.973339,1.5 million,Swedish krona (SEK),Protestant,"Köttbullar, Fika, Jansson's Temptation",Swedish,Spring (May-June) or Fall (Sept-Oct),Medium,Generally safe,"Sweden's second-largest city, known for harbor, museums, and nightlife.","Sweden's second-largest city, known for its harbor, museums, and vibrant nightlife."
Malmö,Skåne County,Sweden,City,55.609934,13.007758,1 million,Swedish krona (SEK),Protestant,"Köttbullar, Fika, Jansson's Temptation",Swedish,Spring (May-June) or Fall (Sept-Oct),Medium,Generally safe,"Coastal city known for modern architecture, museums, and arts scene.","A coastal city known for its modern architecture, museums, and vibrant arts scene."
Lapland,Norrbotten County,Sweden,Region,67.005472,20.033294,500000,Swedish krona (SEK),Protestant,"Köttbullar, Fika, Jansson's Temptation",Swedish,"Winter (Dec-Mar) for Northern Lights, Summer (Jun-Aug) for hiking",Medium-high,Generally safe,"Northernmost region, known for Arctic landscapes, Northern Lights, and reindeer.","The northernmost region of Sweden, known for its Arctic landscapes, Northern Lights, and reindeer."
Fjällbacka,Västra Götaland County,Sweden,Town,58.026014,11.464321,200000,Swedish krona (SEK),Protestant,"Köttbullar, Fika, Jansson's Temptation",Swedish,Spring (May-June) or Fall (Sept-Oct),Medium-high,Generally safe,Charming coastal town with colorful houses and seafood restaurants.,"A charming coastal town known for its colorful houses, seafood restaurants, and scenic beauty."
Visby,Gotland County,Sweden,City,57.744674,18.285443,200000,Swedish krona (SEK),Protestant,"Köttbullar, Fika, Jansson's Temptation",Swedish,Spring (May-June) or Fall (Sept-Oct),Medium-high,Generally safe,Medieval walled city known for ruins and summer festivals.,"A medieval walled city on the island of Gotland, known for its ruins, cobblestone streets, and summer festivals."
Uppsala,Uppsala County,Sweden,City,59.858134,17.638943,150000,Swedish krona (SEK),Protestant,"Köttbullar, Fika, Jansson's Temptation",Swedish,Spring (May-June) or Fall (Sept-Oct),Medium,Generally safe,"University city known for cathedral, castle, and museums.","A university city known for its cathedral, castle, and museums."
Kiruna,Norrbotten County,Sweden,City,67.853244,20.236394,100000,Swedish krona (SEK),Protestant,"Köttbullar, Fika, Jansson's Temptation",Swedish,Spring (May-June) or Fall (Sept-Oct),Medium-high,Generally safe,"Northernmost city, known for mining industry and winter activities.","The northernmost city in Sweden, located above the Arctic Circle, and known for its mining industry and winter activities."
Zurich,Zurich,Switzerland,City,47.376881,8.541694,3 million,Swiss franc (CHF),Protestant,"Fondue, Rösti, Raclette","German, French, Italian",Spring (Apr-May) or Fall (Sep-Oct),High,Generally safe,"Largest city known for finance, museums, and lakefront.","The largest city in Switzerland, known for its financial district, museums, and beautiful lakefront."
Geneva,Geneva,Switzerland,City,46.204391,6.147435,2 million,Swiss franc (CHF),Protestant,"Fondue, Rösti, Raclette","French, German",Spring (Apr-May) or Fall (Sep-Oct),High,Generally safe,Cosmopolitan city known for international organizations and scenic beauty.,"A cosmopolitan city on Lake Geneva, known for its international organizations, museums, and beautiful scenery."
Lucerne,Central Switzerland,Switzerland,City,47.051389,8.306944,1.5 million,Swiss franc (CHF),Roman Catholic,"Fondue, Rösti, Raclette","German, French",Spring (Apr-May) or Fall (Sep-Oct),Medium-high,Generally safe,Picturesque city known for historic center and lake.,"A picturesque city on Lake Lucerne, known for its historic center, Chapel Bridge, and Lion Monument."
Interlaken,Bern,Switzerland,Town,46.680278,7.855833,1 million,Swiss franc (CHF),Protestant,"Fondue, Rösti, Raclette","German, French",Spring (Apr-May) or Fall (Sep-Oct),Medium-high,Generally safe,Popular resort town known for outdoor activities.,"A popular resort town in the Bernese Alps, known for its outdoor activities like hiking, skiing, and paragliding."
Zermatt,Valais,Switzerland,Town,46.051389,7.7025,500000,Swiss franc (CHF),Roman Catholic,"Fondue, Rösti, Raclette","German, French","Winter (Dec-Mar) for skiing, Summer (Jun-Sep) for hiking",High,Generally safe,Car-free town known for Matterhorn and skiing.,"A car-free town in the Swiss Alps, known for its Matterhorn peak, skiing, and hiking."
Gruyères,Fribourg,Switzerland,Town,46.522222,7.034722,50000,Swiss franc (CHF),Roman Catholic,"Fondue, Rösti, Raclette","French, German",Spring (Apr-May) or Fall (Sep-Oct),Medium-high,Generally safe,Medieval town known for Gruyère cheese and castle.,"A charming medieval town known for its Gruyère cheese, castle, and chocolate factory."
Montreux,Vaud,Switzerland,Town,46.520278,6.923611,100000,Swiss franc (CHF),Protestant,"Fondue, Rösti, Raclette","French, German",Spring (Apr-May) or Fall (Sep-Oct),Medium-high,Generally safe,Known for jazz festival and scenic vineyards.,"A town on Lake Geneva, known for its jazz festival, vineyards, and beautiful scenery."
Istanbul,Istanbul,Turkey,City,41.008238,28.978359,15 million,Turkish lira (TRY),Muslim,"Kebab, Baklava, Dolma",Turkish,Spring (Apr-May) or Fall (Sep-Oct),Medium-high,"Generally safe, but be aware of pickpockets",Historic city straddling Europe and Asia with significant landmarks.,"A historic city straddling Europe and Asia, known for its Hagia Sophia, Blue Mosque, and Grand Bazaar."
Antalya,Antalya,Turkey,City,36.522512,30.703761,10 million,Turkish lira (TRY),Muslim,"Kebab, Baklava, Dolma",Turkish,Spring (Apr-May) or Fall (Sep-Oct),Medium-high,Generally safe,Popular coastal city with beaches and ancient ruins.,"A popular coastal city known for its beaches, ancient ruins, and vibrant nightlife."
Cappadocia,Central Anatolia,Turkey,Region,38.711845,35.156845,2 million,Turkish lira (TRY),Muslim,"Kebab, Baklava, Dolma",Turkish,Spring (Apr-May) or Fall (Sep-Oct),Medium-high,Generally safe,Unique region known for fairy chimneys and hot air balloons.,"A unique region known for its fairy chimneys, underground cities, and hot air balloon rides."
Bodrum,Aegean Region,Turkey,Town,37.134596,27.384188,1 million,Turkish lira (TRY),Muslim,"Kebab, Baklava, Dolma",Turkish,Spring (Apr-May) or Fall (Sep-Oct),Medium-high,Generally safe,Coastal town known for beaches and ancient ruins.,"A popular coastal town known for its beaches, nightlife, and ancient ruins."
Fethiye,Aegean Region,Turkey,Town,36.686944,28.9575,500000,Turkish lira (TRY),Muslim,"Kebab, Baklava, Dolma",Turkish,Spring (Apr-May) or Fall (Sep-Oct),Medium-high,Generally safe,Coastal town with beaches and boat trips to islands.,"A coastal town known for its beaches, ancient ruins, and boat trips to nearby islands."
Kyiv,Kyiv Oblast,Ukraine,City,50.45466,30.523842,3.5 million,Ukrainian hryvnia (UAH),Ukrainian Orthodox,"Borscht, Varenyky, Salo",Ukrainian,Spring (May-June) or Fall (Sep-Oct),Medium-high,"Generally safe, but be aware of ongoing conflict",Capital city known for historic architecture and vibrant culture.,"The capital city, known for its historic architecture, museums, and vibrant culture."
Lviv,Lviv Oblast,Ukraine,City,49.839973,23.989223,2 million,Ukrainian hryvnia (UAH),Ukrainian Orthodox,"Borscht, Varenyky, Salo",Ukrainian,Spring (May-June) or Fall (Sep-Oct),Medium,Generally safe,Historic city known for medieval architecture and lively atmosphere.,"A historic city known for its medieval architecture, coffee shops, and vibrant atmosphere."
Odessa,Odesa Oblast,Ukraine,City,46.483333,30.733333,1 million,Ukrainian hryvnia (UAH),Ukrainian Orthodox,"Borscht, Varenyky, Salo",Ukrainian,Spring (May-June) or Fall (Sep-Oct),Medium,"Generally safe, but be aware of potential risks",Coastal city known for beaches and vibrant nightlife.,"A coastal city on the Black Sea, known for its beaches, opera house, and vibrant nightlife."
Kharkiv,Kharkiv Oblast,Ukraine,City,50.0,36.25,500000,Ukrainian hryvnia (UAH),Ukrainian Orthodox,"Borscht, Varenyky, Salo",Ukrainian,Spring (May-June) or Fall (Sep-Oct),Medium,"Generally safe, but be aware of potential risks",Major city known for universities and parks.,"A large city in eastern Ukraine, known for its universities, museums, and parks."
Dnipro,Dnipropetrovsk Oblast,Ukraine,City,48.461667,34.976667,500000,Ukrainian hryvnia (UAH),Ukrainian Orthodox,"Borscht, Varenyky, Salo",Ukrainian,Spring (May-June) or Fall (Sep-Oct),Medium,"Generally safe, but be aware of potential risks",Important industrial city with historical sites.,"A city on the Dnieper River, known for its industrial importance and historical sites."
London,Greater London,Great Britain,City,51.507351,-0.127758,25 million,British Pound Sterling (GBP),Christian (Anglican),"Fish and chips, Sunday roast, Afternoon tea",English,Spring (April-May) or Fall (Sep-Oct),High,"Generally safe, but be aware of pickpockets","The capital city, known for its Buckingham Palace, Big Ben, and Tower of London.","The capital city, known for its Buckingham Palace, Big Ben, and Tower of London."
Edinburgh,Scotland,Great Britain,City,55.953252,-3.188267,3 million,British Pound Sterling (GBP),Christian (Presbyterian),"Haggis, Scotch whisky, Shortbread","English, Scottish Gaelic",Spring (April-May) or Fall (Sep-Oct),Medium-high,Generally safe,"The capital of Scotland, known for its medieval castle and vibrant festivals.","The capital of Scotland, known for its medieval castle, historic Old Town, and vibrant festivals."
Manchester,England,Great Britain,City,53.480958,-2.241509,2 million,British Pound Sterling (GBP),Christian (Anglican),"Fish and chips, Sunday roast, Afternoon tea",English,Spring (April-May) or Fall (Sep-Oct),Medium-high,Generally safe,"Known for its football teams, music scene, and industrial heritage.","A major city known for its football teams, music scene, and industrial heritage."
Liverpool,England,Great Britain,City,53.408371,-2.987576,1.5 million,British Pound Sterling (GBP),Christian (Anglican),"Fish and chips, Sunday roast, Afternoon tea",English,Spring (April-May) or Fall (Sep-Oct),Medium-high,Generally safe,"Known for its Beatles heritage, museums, and waterfront.","A coastal city known for its Beatles heritage, museums, and waterfront."
Cambridge,England,Great Britain,City,52.204772,0.120972,1 million,British Pound Sterling (GBP),Christian (Anglican),"Fish and chips, Sunday roast, Afternoon tea",English,Spring (April-May) or Fall (Sep-Oct),Medium-high,Generally safe,"Known for its historic colleges, museums, and botanic gardens.","A university city known for its historic colleges, museums, and botanic gardens."
The Cotswolds,England,Great Britain,Region,51.793333,-1.875,1 million,British Pound Sterling (GBP),Christian (Anglican),"Fish and chips, Sunday roast, Afternoon tea",English,Spring (April-May) or Fall (Sep-Oct),Medium-high,Generally safe,"Known for its picturesque villages, rolling hills, and historic architecture.","A scenic region known for its picturesque villages, rolling hills, and historic architecture."
Scottish Highlands,Scotland,Great Britain,Region,57.051528,-4.213333,1 million,British Pound Sterling (GBP),Christian (Presbyterian),"Haggis, Scotch whisky, Shortbread","English, Scottish Gaelic",Spring (April-May) or Fall (Sep-Oct),Medium-high,Generally safe,"Known for its stunning scenery, hiking trails, and wildlife.","A mountainous region known for its stunning scenery, hiking trails, and wildlife."
Luxembourg City,Luxembourg District,Luxembourg,City,49.611668,6.130237,1.5 million,Euro (EUR),Roman Catholic,"Judd mat Gaardebounen, Knäppchen, Riesling","Luxembourgish, French, German",Spring (April-May) or Fall (Sep-Oct),Medium-high,Generally safe,"The capital city, known for its medieval fortifications, picturesque streets, and museums.","The capital city, known for its medieval fortifications, picturesque streets, and museums."
Vianden,Vianden,Luxembourg,Town,49.923611,6.25,500000,Euro (EUR),Roman Catholic,"Judd mat Gaardebounen, Knäppchen, Riesling","Luxembourgish, French, German",Spring (April-May) or Fall (Sep-Oct),Medium-high,Generally safe,"A charming town with a medieval castle, picturesque streets, and beautiful scenery.","A charming town with a medieval castle, picturesque streets, and beautiful scenery."
Esch-sur-Alzette,Esch-sur-Alzette,Luxembourg,City,49.517222,5.964444,300000,Euro (EUR),Roman Catholic,"Judd mat Gaardebounen, Knäppchen, Riesling","Luxembourgish, French, German",Spring (April-May) or Fall (Sep-Oct),Medium,Generally safe,"A major industrial city known for its museums, parks, and shopping.","A major industrial city known for its museums, parks, and shopping."
Mullerthal,Mullerthal,Luxembourg,Region,49.752778,6.576667,50000,Euro (EUR),Roman Catholic,"Judd mat Gaardebounen, Knäppchen, Riesling","Luxembourgish, French, German",Spring (April-May) or Fall (Sep-Oct),Medium,Generally safe,"A picturesque region known for its waterfalls, hiking trails, and natural beauty.","A picturesque region known for its waterfalls, hiking trails, and natural beauty."
Bettembourg,Bettembourg,Luxembourg,Town,49.505556,6.044444,25000,Euro (EUR),Roman Catholic,"Judd mat Gaardebounen, Knäppchen, Riesling","Luxembourgish, French, German",Spring (April-May) or Fall (Sep-Oct),Medium,Generally safe,"A small town known for its historic center, museums, and parks.","A small town known for its historic center, museums, and parks."
Valletta,Central Region,Malta,City,35.897778,14.5075,1.5 million,Euro (EUR),Roman Catholic,"Pastizzi, Rabbit Stew, Imqaret","Maltese, English",Spring (April-May) or Fall (Sep-Oct),Medium-high,Generally safe,"The capital city, known for its fortified walls, baroque architecture, and historical sites.",
Mdina,Central Region,Malta,City,35.884167,14.493889,1 million,Euro (EUR),Roman Catholic,"Pastizzi, Rabbit Stew, Imqaret","Maltese, English",Spring (April-May) or Fall (Sep-Oct),Medium-high,Generally safe,"A medieval walled city known as the ""Silent City,"" offering a glimpse into Malta's past.",
Marsaxlokk,Southern Region,Malta,Town,35.734722,14.558611,500000,Euro (EUR),Roman Catholic,"Pastizzi, Rabbit Stew, Imqaret","Maltese, English",Spring (April-May) or Fall (Sep-Oct),Medium,Generally safe,"A fishing village known for its colorful fishing boats, Sunday market, and seafood restaurants.",
St. Paul's Bay,Northern Region,Malta,Town,35.921667,14.474167,500000,Euro (EUR),Roman Catholic,"Pastizzi, Rabbit Stew, Imqaret","Maltese, English",Spring (April-May) or Fall (Sep-Oct),Medium,Generally safe,"A coastal town with beautiful beaches, resorts, and a vibrant nightlife.",
Rabat,Northern Region,Malta,Town,35.879444,14.463056,200000,Euro (EUR),Roman Catholic,"Pastizzi, Rabbit Stew, Imqaret","Maltese, English",Spring (April-May) or Fall (Sep-Oct),Medium,Generally safe,A historic town known for its Roman catacombs and Mdina Glass Museum.,
Mosta,Central Region,Malta,Town,35.871944,14.451389,200000,Euro (EUR),Roman Catholic,"Pastizzi, Rabbit Stew, Imqaret","Maltese, English",Spring (April-May) or Fall (Sep-Oct),Medium,Generally safe,"A town known for its Rotunda of Mosta, one of the largest unsupported domes in the world.",
Marsaskala,Southern Region,Malta,Town,35.728333,14.569167,100000,Euro (EUR),Roman Catholic,"Pastizzi, Rabbit Stew, Imqaret","Maltese, English",Spring (April-May) or Fall (Sep-Oct),Medium,Generally safe,"A coastal town with beautiful beaches, historical sites, and a relaxed atmosphere.",
Reykjavik,Capital Region,Iceland,City,64.147778,-21.915556,2.5 million,Icelandic króna (ISK),Protestant,"Fish, Lamb, Skyr",Icelandic,Spring (May-June) or Fall (Sep-Oct),High,Generally safe,"The capital city, known for its colorful houses, museums, and vibrant culture.",
Golden Circle,South Iceland,Iceland,Region,64.006944,-21.1325,1 million,Icelandic króna (ISK),Protestant,"Fish, Lamb, Skyr",Icelandic,Spring (May-June) or Fall (Sep-Oct),Medium-high,Generally safe,"A popular tourist route featuring Thingvellir National Park, Geysir geothermal area, and Gullfoss waterfall.",
Akureyri,North Iceland,Iceland,City,65.668611,-18.081389,200000,Icelandic króna (ISK),Protestant,"Fish, Lamb, Skyr",Icelandic,Spring (May-June) or Fall (Sep-Oct),Medium,Generally safe,"The largest city in North Iceland, known for its botanical garden and winter activities.",
Westfjords,Westfjords,Iceland,Region,65.640556,-20.189722,50000,Icelandic króna (ISK),Protestant,"Fish, Lamb, Skyr",Icelandic,Spring (May-June) or Fall (Sep-Oct),Medium,Generally safe,"A remote region known for its dramatic landscapes, fishing villages, and birdwatching opportunities.",
Belgrade,Central Serbia,Serbia,City,44.816667,20.448889,1.5 million,Serbian dinar (RSD),Serbian Orthodox,"Ćevapi, Pljeskavica, Sarma",Serbian,Spring (April-May) or Fall (Sep-Oct),Medium,"Generally safe, but be aware of pickpockets","The capital city, known for its historical landmarks, vibrant nightlife, and beautiful riverside location.",
Novi Sad,Vojvodina,Serbia,City,45.263333,19.846667,500000,Serbian dinar (RSD),Serbian Orthodox,"Ćevapi, Pljeskavica, Sarma",Serbian,Spring (April-May) or Fall (Sep-Oct),Medium,Generally safe,"A city on the Danube River, known for its historic center, museums, and vibrant cultural scene.",
Niš,Southern Serbia,Serbia,City,43.322222,21.888889,300000,Serbian dinar (RSD),Serbian Orthodox,"Ćevapi, Pljeskavica, Sarma",Serbian,Spring (April-May) or Fall (Sep-Oct),Medium,Generally safe,"A historic city known for its Roman ruins, medieval fortress, and vibrant nightlife.",
Sremski Karlovci,Vojvodina,Serbia,Town,45.263333,19.846667,25000,Serbian dinar (RSD),Serbian Orthodox,"Ćevapi, Pljeskavica, Sarma",Serbian,Spring (April-May) or Fall (Sep-Oct),Medium,Generally safe,"A historic town known for its vineyards, wineries, and beautiful architecture.",
Subotica,North Backa,Serbia,City,46.083333,18.966667,20000,Serbian dinar (RSD),Serbian Orthodox,"Ćevapi, Pljeskavica, Sarma","Serbian, Hungarian",Spring (April-May) or Fall (Sep-Oct),Medium,Generally safe,"A city on the border with Hungary, known for its Art Nouveau architecture and multicultural atmosphere.",
